method,dataset,dimensions,hits@20,hits@50,hits@100,init_time,calc_time,num_node_pairs,device,nitr,use_node_features
hyperlearn,ogbl-ddi,1000,0.07574608347145359,0.12408349018175689,0.1711286531636561,-1,-1,213582,cpu,0,0
hyperlearn,ogbl-ddi,1000,0.10873575488571134,0.16202676255489695,0.2126583700873669,-1,-1,213582,cpu,1,0
hyperlearn,ogbl-ddi,1000,0.14814918860203574,0.20295717803934787,0.25480611662031444,-1,-1,213582,cpu,2,0
hyperlearn,ogbl-ddi,1000,0.1828337593992003,0.24134992649193285,0.28905057542302254,-1,-1,213582,cpu,3,0
hyperlearn,ogbl-ddi,1000,0.22964482025638866,0.27306608234776336,0.3151389162008034,-1,-1,213582,cpu,4,0
hyperlearn,ogbl-ddi,1000,0.25835510483093144,0.3057561030423912,0.3451882649286925,-1,-1,213582,cpu,5,0
hyperlearn,ogbl-ddi,1000,0.2817746813870083,0.3277617027652143,0.37036828946259515,-1,-1,213582,cpu,6,0
hyperlearn,ogbl-ddi,1000,0.3111404519107415,0.3506100701369966,0.387916584730923,-1,-1,213582,cpu,7,0
hyperlearn,ogbl-ddi,1000,0.33228455581462857,0.3732711558090101,0.4066166624528284,-1,-1,213582,cpu,8,0
hyperlearn,ogbl-ddi,1000,0.34334354018597074,0.38381511550598835,0.41978256594656854,-1,-1,213582,cpu,9,0
hyperlearn,ogbl-ddi,1000,0.36146304463859313,0.3910535532020489,0.430223520708674,-1,-1,213582,cpu,10,0
hyperlearn,ogbl-ddi,1000,0.36899176896929514,0.401747338258842,0.4391194014476875,-1,-1,213582,cpu,11,0
hyperlearn,ogbl-ddi,1000,0.3781966645129271,0.4083302900057121,0.4480433744416664,-1,-1,213582,cpu,12,0
hyperlearn,ogbl-ddi,1000,0.3867741663623339,0.4195952842467998,0.456293133316478,-1,-1,213582,cpu,13,0
hyperlearn,ogbl-ddi,1000,0.38867507561498627,0.42524182749482636,0.4613871955501868,-1,-1,213582,cpu,14,0
hyperlearn,ogbl-ddi,1000,0.38958339185886454,0.4288750924703393,0.4666029908887453,-1,-1,213582,cpu,15,0
hyperlearn,ogbl-ddi,1000,0.39343203078911143,0.4354955005571631,0.47092919815340245,-1,-1,213582,cpu,16,0
hyperlearn,ogbl-ddi,1000,0.39473363860250393,0.43794889082413313,0.4719592475021303,-1,-1,213582,cpu,17,0
hyperlearn,ogbl-ddi,1000,0.39790806341358353,0.43788334222921405,0.47091046998342556,-1,-1,213582,cpu,18,0
hyperlearn,ogbl-ddi,1000,0.40381680104128626,0.44028054798625355,0.47405680253953986,-1,-1,213582,cpu,19,0
hyperlearn,ogbl-ddi,1000,0.40318004326207263,0.44154469945969227,0.4756674251575507,-1,-1,213582,cpu,20,0
hyperlearn,ogbl-ddi,1000,0.4025339213978706,0.44055210645091814,0.4750400314633256,-1,-1,213582,cpu,21,0
hyperlearn,ogbl-ddi,1000,0.401681789663923,0.43970933880195895,0.4729237482559392,-1,-1,213582,cpu,22,0
hyperlearn,ogbl-ddi,1000,0.40284293620248895,0.44123568465507396,0.47356050603515276,-1,-1,213582,cpu,23,0
hyperlearn,ogbl-ddi,1000,0.41014692249346857,0.4439606333867086,0.47486211384854526,-1,-1,213582,cpu,24,0
hyperlearn,ogbl-ddi,1000,0.4023466396981019,0.43939095991235216,0.4755175997977358,-1,-1,213582,cpu,25,0
hyperlearn,ogbl-ddi,1000,0.4089389555299604,0.44394190521673177,0.47263346162129766,-1,-1,213582,cpu,26,0
hyperlearn,ogbl-ddi,1000,0.39579178020619715,0.4395126930172018,0.4713693101478589,-1,-1,213582,cpu,27,0
hyperlearn,ogbl-ddi,1000,0.4053431468944012,0.43872610987817323,0.4681106085718834,-1,-1,213582,cpu,28,0
hyperlearn,ogbl-ddi,1000,0.3998277008362128,0.4400651740315195,0.46912192975063444,-1,-1,213582,cpu,29,0
hyperlearn,ogbl-ddi,1000,0.407403245591857,0.4400370817765542,0.4688784635409351,5.007047199876979,0.10035359999164939,213582,cpu,30,0
hyperlearn,ogbl-ppa,1000,0.09258414096127861,0.1823969841648875,0.30184302604614843,-1,-1,4246386,cpu,0,0
hyperlearn,ogbl-ppa,1000,0.14348813320315204,0.2715852962966626,0.3995072515781655,-1,-1,4246386,cpu,1,0
hyperlearn,ogbl-ppa,1000,0.21675137399190747,0.36357457847685065,0.48555736572228714,-1,-1,4246386,cpu,2,0
hyperlearn,ogbl-ppa,1000,0.27395201472499203,0.44581769061974114,0.5675296593385528,-1,-1,4246386,cpu,3,0
hyperlearn,ogbl-ppa,1000,0.34751904325230915,0.5173985596222294,0.6272529157735542,-1,-1,4246386,cpu,4,0
hyperlearn,ogbl-ppa,1000,0.438329911600123,0.5886148833384436,0.6770124053724744,-1,-1,4246386,cpu,5,0
hyperlearn,ogbl-ppa,1000,0.48930031325461226,0.6485745761219069,0.7200009608170336,-1,-1,4246386,cpu,6,0
hyperlearn,ogbl-ppa,1000,0.5432963465874275,0.6872592364424713,0.7518256701110073,-1,-1,4246386,cpu,7,0
hyperlearn,ogbl-ppa,1000,0.5997561220294151,0.7156169976069062,0.7761644843403308,-1,-1,4246386,cpu,8,0
hyperlearn,ogbl-ppa,1000,0.658413059952628,0.7449167362552533,0.7975285336754595,-1,-1,4246386,cpu,9,0
hyperlearn,ogbl-ppa,1000,0.6937927922708863,0.7606114941034564,0.8157397843719342,-1,-1,4246386,cpu,10,0
hyperlearn,ogbl-ppa,1000,0.708570535038501,0.7832170697623815,0.8265018771256311,-1,-1,4246386,cpu,11,0
hyperlearn,ogbl-ppa,1000,0.7335319963846905,0.7887511874803657,0.8371956765117443,-1,-1,4246386,cpu,12,0
hyperlearn,ogbl-ppa,1000,0.7562840495423638,0.805260284863411,0.8460205925697758,-1,-1,4246386,cpu,13,0
hyperlearn,ogbl-ppa,1000,0.7614145299084916,0.8144996710143637,0.8552684565180838,-1,-1,4246386,cpu,14,0
hyperlearn,ogbl-ppa,1000,0.7772322158183453,0.8203851463338472,0.8593585227532307,-1,-1,4246386,cpu,15,0
hyperlearn,ogbl-ppa,1000,0.7735994796516379,0.8343819897672986,0.8627086656747643,-1,-1,4246386,cpu,16,0
hyperlearn,ogbl-ppa,1000,0.7857585250139766,0.8388356593112355,0.8651436774706774,-1,-1,4246386,cpu,17,0
hyperlearn,ogbl-ppa,1000,0.7933941944985688,0.8461491724963298,0.8681419918019699,-1,-1,4246386,cpu,18,0
hyperlearn,ogbl-ppa,1000,0.8074094064929566,0.8450235094030547,0.8729347732401153,-1,-1,4246386,cpu,19,0
hyperlearn,ogbl-ppa,1000,0.8124965558948245,0.8533703718880008,0.8760126846687983,-1,-1,4246386,cpu,20,0
hyperlearn,ogbl-ppa,1000,0.8128375517440006,0.853538985857621,0.8785762763912655,-1,-1,4246386,cpu,21,0
hyperlearn,ogbl-ppa,1000,0.8197281170388184,0.8556075684122922,0.8810084622547267,-1,-1,4246386,cpu,22,0
hyperlearn,ogbl-ppa,1000,0.8210082644394551,0.8593990277850388,0.8836012552791951,-1,-1,4246386,cpu,23,0
hyperlearn,ogbl-ppa,1000,0.8232275633915522,0.8600569990575515,0.8842856019212573,-1,-1,4246386,cpu,24,0
hyperlearn,ogbl-ppa,1000,0.8319686434535155,0.8637820490176823,0.8853104734237538,-1,-1,4246386,cpu,25,0
hyperlearn,ogbl-ppa,1000,0.826620566288604,0.8671529154438622,0.8880172457237755,-1,-1,4246386,cpu,26,0
hyperlearn,ogbl-ppa,1000,0.837113253481902,0.8681862647437139,0.8904970014501743,-1,-1,4246386,cpu,27,0
hyperlearn,ogbl-ppa,1000,0.8333599441972539,0.8683685373868508,0.8916419750818696,-1,-1,4246386,cpu,28,0
hyperlearn,ogbl-ppa,1000,0.8400145441323517,0.8708275696086036,0.8930502314203184,-1,-1,4246386,cpu,29,0
hyperlearn,ogbl-ppa,1000,0.8392642590664156,0.8718006323494849,0.8941010073036224,83.12501340010203,2.450638100039214,4246386,cpu,30,0
hyperlearn,ogbl-collab,1000,0.9973877274076587,0.99899071286205,0.9994487087061618,-1,-1,235810,cpu,0,0
hyperlearn,ogbl-collab,1000,0.9974046902166999,0.9990161570756118,0.9994656715152029,-1,-1,235810,cpu,1,0
hyperlearn,ogbl-collab,1000,0.997421653025741,0.9990161570756118,0.9994656715152029,-1,-1,235810,cpu,2,0
hyperlearn,ogbl-collab,1000,0.9974301344302616,0.9990161570756118,0.9994656715152029,-1,-1,235810,cpu,3,0
hyperlearn,ogbl-collab,1000,0.9974301344302616,0.9990161570756118,0.9994656715152029,-1,-1,235810,cpu,4,0
hyperlearn,ogbl-collab,1000,0.9974301344302616,0.9990161570756118,0.9994656715152029,-1,-1,235810,cpu,5,0
hyperlearn,ogbl-collab,1000,0.9975319112845087,0.9990161570756118,0.9994656715152029,-1,-1,235810,cpu,6,0
hyperlearn,ogbl-collab,1000,0.997608243925194,0.9990161570756118,0.9994656715152029,-1,-1,235810,cpu,7,0
hyperlearn,ogbl-collab,1000,0.997608243925194,0.9990161570756118,0.9994656715152029,-1,-1,235810,cpu,8,0
hyperlearn,ogbl-collab,1000,0.997608243925194,0.9990161570756118,0.9994656715152029,-1,-1,235810,cpu,9,0
hyperlearn,ogbl-collab,1000,0.9975997625206734,0.9990161570756118,0.9994656715152029,-1,-1,235810,cpu,10,0
hyperlearn,ogbl-collab,1000,0.9975997625206734,0.9990161570756118,0.9994656715152029,-1,-1,235810,cpu,11,0
hyperlearn,ogbl-collab,1000,0.9975997625206734,0.9990161570756118,0.9994656715152029,-1,-1,235810,cpu,12,0
hyperlearn,ogbl-collab,1000,0.9975997625206734,0.9990161570756118,0.9994656715152029,-1,-1,235810,cpu,13,0
hyperlearn,ogbl-collab,1000,0.9975997625206734,0.9990161570756118,0.9994656715152029,-1,-1,235810,cpu,14,0
hyperlearn,ogbl-collab,1000,0.9975997625206734,0.9990161570756118,0.9994656715152029,-1,-1,235810,cpu,15,0
hyperlearn,ogbl-collab,1000,0.9975997625206734,0.9990161570756118,0.9994656715152029,-1,-1,235810,cpu,16,0
hyperlearn,ogbl-collab,1000,0.9975997625206734,0.9990161570756118,0.9994656715152029,-1,-1,235810,cpu,17,0
hyperlearn,ogbl-collab,1000,0.9975997625206734,0.9990161570756118,0.9994656715152029,-1,-1,235810,cpu,18,0
hyperlearn,ogbl-collab,1000,0.9975997625206734,0.9990161570756118,0.9994656715152029,-1,-1,235810,cpu,19,0
hyperlearn,ogbl-collab,1000,0.9976676137568381,0.9990161570756118,0.9994571901106823,-1,-1,235810,cpu,20,0
hyperlearn,ogbl-collab,1000,0.9976676137568381,0.9990161570756118,0.9994571901106823,-1,-1,235810,cpu,21,0
hyperlearn,ogbl-collab,1000,0.9976676137568381,0.9990161570756118,0.9994571901106823,-1,-1,235810,cpu,22,0
hyperlearn,ogbl-collab,1000,0.9976676137568381,0.9990161570756118,0.9994571901106823,-1,-1,235810,cpu,23,0
hyperlearn,ogbl-collab,1000,0.9976676137568381,0.9990161570756118,0.9994571901106823,-1,-1,235810,cpu,24,0
hyperlearn,ogbl-collab,1000,0.9976676137568381,0.9990161570756118,0.9994571901106823,-1,-1,235810,cpu,25,0
hyperlearn,ogbl-collab,1000,0.9976676137568381,0.9990161570756118,0.9994571901106823,-1,-1,235810,cpu,26,0
hyperlearn,ogbl-collab,1000,0.9977269835884822,0.9990161570756118,0.9994571901106823,-1,-1,235810,cpu,27,0
hyperlearn,ogbl-collab,1000,0.9977269835884822,0.9990161570756118,0.9994571901106823,-1,-1,235810,cpu,28,0
hyperlearn,ogbl-collab,1000,0.9977269835884822,0.9990161570756118,0.9994571901106823,-1,-1,235810,cpu,29,0
hyperlearn,ogbl-collab,1000,0.9979899071286205,0.9990161570756118,0.9994571901106823,6.238064500037581,0.1343443999066949,235810,cpu,30,0
hyperlearn,ogbl-collab,1000,0.04886985284763157,0.08055638013655061,0.11428692591493152,-1,-1,235810,cpu,0,1
hyperlearn,ogbl-collab,1000,0.07151520291760316,0.1183919257028964,0.15883974386158348,-1,-1,235810,cpu,1,1
hyperlearn,ogbl-collab,1000,0.10181077986514567,0.15114710996140962,0.2062507951316738,-1,-1,235810,cpu,2,1
hyperlearn,ogbl-collab,1000,0.12489716297018787,0.1866757134981553,0.2550443153386201,-1,-1,235810,cpu,3,1
hyperlearn,ogbl-collab,1000,0.15791527076883932,0.22314575293668631,0.3018362240787074,-1,-1,235810,cpu,4,1
hyperlearn,ogbl-collab,1000,0.19394427717229973,0.26420423222085576,0.34558330859590347,-1,-1,235810,cpu,5,1
hyperlearn,ogbl-collab,1000,0.22915058733726304,0.3083923497731224,0.375259743013443,-1,-1,235810,cpu,6,1
hyperlearn,ogbl-collab,1000,0.26028582333234385,0.34301344302616515,0.41466434841609773,-1,-1,235810,cpu,7,1
hyperlearn,ogbl-collab,1000,0.29517832153004536,0.37174844154191933,0.44998939824434925,-1,-1,235810,cpu,8,1
hyperlearn,ogbl-collab,1000,0.31752682244179636,0.40674271659386796,0.49576353844196597,-1,-1,235810,cpu,9,1
hyperlearn,ogbl-collab,1000,0.34935753360756544,0.4370807005640134,0.5326237224884441,-1,-1,235810,cpu,10,1
hyperlearn,ogbl-collab,1000,0.3754548153174166,0.4723887875832238,0.5679742165302574,-1,-1,235810,cpu,11,1
hyperlearn,ogbl-collab,1000,0.4037911878207031,0.5070183622407871,0.6025613841652178,-1,-1,235810,cpu,12,1
hyperlearn,ogbl-collab,1000,0.43190704380645434,0.5357618421610618,0.6306009075102837,-1,-1,235810,cpu,13,1
hyperlearn,ogbl-collab,1000,0.4599126415334379,0.5667359314702515,0.6596666808023409,-1,-1,235810,cpu,14,1
hyperlearn,ogbl-collab,1000,0.4877994995971333,0.5936304652050379,0.6827530639073831,-1,-1,235810,cpu,15,1
hyperlearn,ogbl-collab,1000,0.5170009753615199,0.6192103812391332,0.7034985793647428,-1,-1,235810,cpu,16,1
hyperlearn,ogbl-collab,1000,0.5472117382638565,0.644264450192952,0.7240744667316907,-1,-1,235810,cpu,17,1
hyperlearn,ogbl-collab,1000,0.5750731521139901,0.6682753063907383,0.7451846825834358,-1,-1,235810,cpu,18,1
hyperlearn,ogbl-collab,1000,0.6021457953437089,0.6910733217420805,0.7618251982528307,-1,-1,235810,cpu,19,1
hyperlearn,ogbl-collab,1000,0.6287519613247954,0.7131928247317756,0.7788219329120902,-1,-1,235810,cpu,20,1
hyperlearn,ogbl-collab,1000,0.6502692845935287,0.7341418938976294,0.7950807853780586,-1,-1,235810,cpu,21,1
hyperlearn,ogbl-collab,1000,0.6739324032059709,0.751800178109495,0.8094906916585387,-1,-1,235810,cpu,22,1
hyperlearn,ogbl-collab,1000,0.6971968958059455,0.769568720580128,0.8211017344472245,-1,-1,235810,cpu,23,1
hyperlearn,ogbl-collab,1000,0.718069632331114,0.7865315296213052,0.8313133454900131,-1,-1,235810,cpu,24,1
hyperlearn,ogbl-collab,1000,0.7355498070480472,0.7981934608371146,0.843212756032399,-1,-1,235810,cpu,25,1
hyperlearn,ogbl-collab,1000,0.7554387006488275,0.8117213010474534,0.8516263093168228,-1,-1,235810,cpu,26,1
hyperlearn,ogbl-collab,1000,0.7713498155294517,0.8237988210847716,0.859726050633985,-1,-1,235810,cpu,27,1
hyperlearn,ogbl-collab,1000,0.7848182859081464,0.833789915610025,0.8677240150969,-1,-1,235810,cpu,28,1
hyperlearn,ogbl-collab,1000,0.8009414359017853,0.84020185742759,0.8742546965777532,-1,-1,235810,cpu,29,1
hyperlearn,ogbl-collab,1000,0.8064034604130444,0.847623086383105,0.8793096136720241,11.526393700158224,0.3383663999848068,235810,cpu,30,1
hyperlearn,soc-epinions1,1000,0.9437522109979953,0.9588459573129987,0.9647812585983255,-1,-1,50882,cpu,0,0
hyperlearn,soc-epinions1,1000,0.9441845839393106,0.9591997169922566,0.9649777917534688,-1,-1,50882,cpu,1,0
hyperlearn,soc-epinions1,1000,0.9446169568806257,0.9593569435163712,0.9651350182775834,-1,-1,50882,cpu,2,0
hyperlearn,soc-epinions1,1000,0.9446562635116544,0.9593176368853426,0.9651350182775834,-1,-1,50882,cpu,3,0
hyperlearn,soc-epinions1,1000,0.944695570142683,0.9594355567784285,0.965410164694784,-1,-1,50882,cpu,4,0
hyperlearn,soc-epinions1,1000,0.9447741834047404,0.9593962501473998,0.96552808458787,-1,-1,50882,cpu,5,0
hyperlearn,soc-epinions1,1000,0.9450100231909123,0.9595534766715145,0.9656460044809559,-1,-1,50882,cpu,6,0
hyperlearn,soc-epinions1,1000,0.945167249715027,0.9597107031956291,0.9654887779568413,-1,-1,50882,cpu,7,0
hyperlearn,soc-epinions1,1000,0.9452458629770842,0.9598286230887151,0.9654887779568413,-1,-1,50882,cpu,8,0
hyperlearn,soc-epinions1,1000,0.9455210093942849,0.9599858496128297,0.9656853111119846,-1,-1,50882,cpu,9,0
hyperlearn,soc-epinions1,1000,0.9456389292873708,0.9601037695059157,0.9658032310050706,-1,-1,50882,cpu,10,0
hyperlearn,soc-epinions1,1000,0.9456782359183994,0.9601037695059157,0.9657639243740419,-1,-1,50882,cpu,11,0
hyperlearn,soc-epinions1,1000,0.9457175425494281,0.9601037695059157,0.9659211508981566,-1,-1,50882,cpu,12,0
hyperlearn,soc-epinions1,1000,0.9457568491804568,0.9601037695059157,0.9659211508981566,-1,-1,50882,cpu,13,0
hyperlearn,soc-epinions1,1000,0.9457175425494281,0.9601430761369443,0.9659211508981566,-1,-1,50882,cpu,14,0
hyperlearn,soc-epinions1,1000,0.9457961558114854,0.960182382767973,0.9659604575291851,-1,-1,50882,cpu,15,0
hyperlearn,soc-epinions1,1000,0.9457568491804568,0.9601430761369443,0.9659997641602138,-1,-1,50882,cpu,16,0
hyperlearn,soc-epinions1,1000,0.9457961558114854,0.9603003026610589,0.9659997641602138,-1,-1,50882,cpu,17,0
hyperlearn,soc-epinions1,1000,0.9457961558114854,0.9603003026610589,0.9660390707912425,-1,-1,50882,cpu,18,0
hyperlearn,soc-epinions1,1000,0.945835462442514,0.9603003026610589,0.9660390707912425,-1,-1,50882,cpu,19,0
hyperlearn,soc-epinions1,1000,0.945835462442514,0.9603789159231162,0.9662356039463857,-1,-1,50882,cpu,20,0
hyperlearn,soc-epinions1,1000,0.945835462442514,0.9604575291851736,0.9661962973153571,-1,-1,50882,cpu,21,0
hyperlearn,soc-epinions1,1000,0.9459140757045713,0.9604968358162022,0.9662356039463857,-1,-1,50882,cpu,22,0
hyperlearn,soc-epinions1,1000,0.9460319955976573,0.9604968358162022,0.9662356039463857,-1,-1,50882,cpu,23,0
hyperlearn,soc-epinions1,1000,0.9459926889666287,0.9604968358162022,0.9662356039463857,-1,-1,50882,cpu,24,0
hyperlearn,soc-epinions1,1000,0.946071302228686,0.9604968358162022,0.9662356039463857,-1,-1,50882,cpu,25,0
hyperlearn,soc-epinions1,1000,0.9461499154907433,0.9604968358162022,0.966314217208443,-1,-1,50882,cpu,26,0
hyperlearn,soc-epinions1,1000,0.9461892221217719,0.9604575291851736,0.9662356039463857,-1,-1,50882,cpu,27,0
hyperlearn,soc-epinions1,1000,0.9461892221217719,0.9604968358162022,0.966314217208443,-1,-1,50882,cpu,28,0
hyperlearn,soc-epinions1,1000,0.9463464486458866,0.9605361424472308,0.9663928304705004,-1,-1,50882,cpu,29,0
hyperlearn,soc-epinions1,1000,0.9463464486458866,0.9605754490782595,0.9663928304705004,2.6986012998968363,0.029520999873057008,50882,cpu,30,0
hyperlearn,soc-livejournal1,1000,0.6772867575270575,0.7164508790360171,0.7458001999021361,-1,-1,6899376,cpu,0,0
hyperlearn,soc-livejournal1,1000,0.7018246287780229,0.7347435478222958,0.7653637082541958,-1,-1,6899376,cpu,1,0
hyperlearn,soc-livejournal1,1000,0.7200581617815872,0.7503751063864327,0.7833360582174388,-1,-1,6899376,cpu,2,0
hyperlearn,soc-livejournal1,1000,0.7364660224344927,0.7696145274587151,0.8042504133707165,-1,-1,6899376,cpu,3,0
hyperlearn,soc-livejournal1,1000,0.7557932775369831,0.7894354503943545,0.8239200182741164,-1,-1,6899376,cpu,4,0
hyperlearn,soc-livejournal1,1000,0.7738465043795265,0.8066738209368499,0.8428791241410818,-1,-1,6899376,cpu,5,0
hyperlearn,soc-livejournal1,1000,0.7949011620761066,0.8295518319337865,0.8600192249270079,-1,-1,6899376,cpu,6,0
hyperlearn,soc-livejournal1,1000,0.8129146751822194,0.8457043071721269,0.8757102091551467,-1,-1,6899376,cpu,7,0
hyperlearn,soc-livejournal1,1000,0.8323219375201467,0.8619399783400702,0.8877684010843879,-1,-1,6899376,cpu,8,0
hyperlearn,soc-livejournal1,1000,0.848518474714235,0.875650203728569,0.8983226888924448,-1,-1,6899376,cpu,9,0
hyperlearn,soc-livejournal1,1000,0.8655379848844301,0.887804346364077,0.9059132304138809,-1,-1,6899376,cpu,10,0
hyperlearn,soc-livejournal1,1000,0.8739138148145571,0.8960491499521116,0.9116293995283051,-1,-1,6899376,cpu,11,0
hyperlearn,soc-livejournal1,1000,0.8835500485841038,0.9052160659166858,0.9176884982062146,-1,-1,6899376,cpu,12,0
hyperlearn,soc-livejournal1,1000,0.8944142194888349,0.9115499720554439,0.9228040332922861,-1,-1,6899376,cpu,13,0
hyperlearn,soc-livejournal1,1000,0.9030497830528442,0.9157552798977763,0.9274056088550616,-1,-1,6899376,cpu,14,0
hyperlearn,soc-livejournal1,1000,0.9038991352261422,0.9202275684061862,0.9298301759463464,-1,-1,6899376,cpu,15,0
hyperlearn,soc-livejournal1,1000,0.91232395509391,0.9257924194883711,0.9336769006356517,-1,-1,6899376,cpu,16,0
hyperlearn,soc-livejournal1,1000,0.9185314729911807,0.929830755708922,0.9369145847392576,-1,-1,6899376,cpu,17,0
hyperlearn,soc-livejournal1,1000,0.9204817942956001,0.932214449538625,0.9386147384922926,-1,-1,6899376,cpu,18,0
hyperlearn,soc-livejournal1,1000,0.9210534401951713,0.9338505395270529,0.9402305367905736,-1,-1,6899376,cpu,19,0
hyperlearn,soc-livejournal1,1000,0.9254381845546612,0.9365881784091779,0.9422304277952093,-1,-1,6899376,cpu,20,0
hyperlearn,soc-livejournal1,1000,0.9279137707526014,0.9386158980174439,0.9433971999786648,-1,-1,6899376,cpu,21,0
hyperlearn,soc-livejournal1,1000,0.9303003633951824,0.9403908411427352,0.9447648598945759,-1,-1,6899376,cpu,22,0
hyperlearn,soc-livejournal1,1000,0.9338696716920487,0.941973882855493,0.9457887206031386,-1,-1,6899376,cpu,23,0
hyperlearn,soc-livejournal1,1000,0.9349741193986238,0.9434116940430555,0.9466705394806719,-1,-1,6899376,cpu,24,0
hyperlearn,soc-livejournal1,1000,0.9372160612785851,0.9444535273914626,0.9472905955553081,-1,-1,6899376,cpu,25,0
hyperlearn,soc-livejournal1,1000,0.9389538995990362,0.9454176725547354,0.9478402104770055,-1,-1,6899376,cpu,26,0
hyperlearn,soc-livejournal1,1000,0.9409697340745018,0.9464058778648967,0.9486823156181081,-1,-1,6899376,cpu,27,0
hyperlearn,soc-livejournal1,1000,0.9426153901454276,0.9474155343903564,0.9495287689785279,-1,-1,6899376,cpu,28,0
hyperlearn,soc-livejournal1,1000,0.9440761019547275,0.9479176087808521,0.9499386611194983,-1,-1,6899376,cpu,29,0
hyperlearn,soc-livejournal1,1000,0.9446318043834688,0.9484234516280893,0.9501079517915824,766.9371517000254,114.83067029993981,6899376,cpu,30,0
hyperlearn,soc-pokec,1000,0.5494570016353956,0.6004912717943895,0.6690093839313238,-1,-1,3062256,cpu,0,0
hyperlearn,soc-pokec,1000,0.5703794849287585,0.6212393738472551,0.6904328050953285,-1,-1,3062256,cpu,1,0
hyperlearn,soc-pokec,1000,0.5885033779017822,0.6414362483084367,0.7074098311832845,-1,-1,3062256,cpu,2,0
hyperlearn,soc-pokec,1000,0.6061008615870129,0.6586725603607275,0.7207575068838138,-1,-1,3062256,cpu,3,0
hyperlearn,soc-pokec,1000,0.6212883573417768,0.6740801552842087,0.7326219623702264,-1,-1,3062256,cpu,4,0
hyperlearn,soc-pokec,1000,0.6367619167045472,0.6877034447805801,0.7402196289271701,-1,-1,3062256,cpu,5,0
hyperlearn,soc-pokec,1000,0.6535097000381418,0.7016879059098913,0.747851910486909,-1,-1,3062256,cpu,6,0
hyperlearn,soc-pokec,1000,0.670238543087188,0.7161915920811324,0.7583082537841382,-1,-1,3062256,cpu,7,0
hyperlearn,soc-pokec,1000,0.6847448417114702,0.7266394449059778,0.7645363418342556,-1,-1,3062256,cpu,8,0
hyperlearn,soc-pokec,1000,0.6974237294334634,0.7356367331797211,0.7704528948592149,-1,-1,3062256,cpu,9,0
hyperlearn,soc-pokec,1000,0.7058972208724548,0.7431148800100318,0.7750488528718696,-1,-1,3062256,cpu,10,0
hyperlearn,soc-pokec,1000,0.7191123145811454,0.7537710759649096,0.7825354901745641,-1,-1,3062256,cpu,11,0
hyperlearn,soc-pokec,1000,0.7281801390869999,0.756848545647392,0.7842166037065483,-1,-1,3062256,cpu,12,0
hyperlearn,soc-pokec,1000,0.7357791118704641,0.7615731669723237,0.7872640301790576,-1,-1,3062256,cpu,13,0
hyperlearn,soc-pokec,1000,0.7417590168816716,0.7646878641106426,0.788902691349123,-1,-1,3062256,cpu,14,0
hyperlearn,soc-pokec,1000,0.7465136814165766,0.7678606883291272,0.7889549404099462,-1,-1,3062256,cpu,15,0
hyperlearn,soc-pokec,1000,0.746708962281403,0.7679664926772941,0.7876506732291487,-1,-1,3062256,cpu,16,0
hyperlearn,soc-pokec,1000,0.7525856753974848,0.7708950525364306,0.7890659696641953,-1,-1,3062256,cpu,17,0
hyperlearn,soc-pokec,1000,0.7514472989848008,0.7697475325381026,0.787755171350795,-1,-1,3062256,cpu,18,0
hyperlearn,soc-pokec,1000,0.7531271062902645,0.769829824808899,0.7876892069115058,-1,-1,3062256,cpu,19,0
hyperlearn,soc-pokec,1000,0.7492175703141736,0.7655695670120329,0.7891214842913199,-1,-1,3062256,cpu,20,0
hyperlearn,soc-pokec,1000,0.7550322376705279,0.7699650192537789,0.7906086231849982,-1,-1,3062256,cpu,21,0
hyperlearn,soc-pokec,1000,0.7581769780188201,0.7728426362786129,0.7906674033784242,-1,-1,3062256,cpu,22,0
hyperlearn,soc-pokec,1000,0.7609579342811313,0.7729164380770256,0.7906563004529994,-1,-1,3062256,cpu,23,0
hyperlearn,soc-pokec,1000,0.761065697969079,0.7729719527041501,0.7906948341353565,-1,-1,3062256,cpu,24,0
hyperlearn,soc-pokec,1000,0.7624496449676317,0.7743663495148675,0.7906693627182051,-1,-1,3062256,cpu,25,0
hyperlearn,soc-pokec,1000,0.7640079732066816,0.7759756205882199,0.7907679828205088,-1,-1,3062256,cpu,26,0
hyperlearn,soc-pokec,1000,0.7641248804802734,0.7773295243767994,0.7907712483868102,-1,-1,3062256,cpu,27,0
hyperlearn,soc-pokec,1000,0.7669704949553532,0.7774412067443087,0.79077059527355,-1,-1,3062256,cpu,28,0
hyperlearn,soc-pokec,1000,0.7684752679070593,0.7774614532553777,0.7907542674420427,-1,-1,3062256,cpu,29,0
hyperlearn,soc-pokec,1000,0.7729321127952725,0.7817700414335053,0.7936344969199178,75.93875700002536,1.7633204001467675,3062256,cpu,30,0
hyperlearn,soc-slashdot0811,1000,0.9778234267665055,0.9860844211781856,0.9886245665186756,-1,-1,90546,cpu,0,0
hyperlearn,soc-slashdot0811,1000,0.9781105736310826,0.9863494798224107,0.988977978044309,-1,-1,90546,cpu,1,0
hyperlearn,soc-slashdot0811,1000,0.978751132021293,0.9867912442294524,0.9893313895699424,-1,-1,90546,cpu,2,0
hyperlearn,soc-slashdot0811,1000,0.9795683961743202,0.9871004793143816,0.9895080953327591,-1,-1,90546,cpu,3,0
hyperlearn,soc-slashdot0811,1000,0.9800985134627703,0.9872330086364941,0.9896627128752237,-1,-1,90546,cpu,4,0
hyperlearn,soc-slashdot0811,1000,0.9806948954122766,0.9874318026196629,0.9898835950787445,-1,-1,90546,cpu,5,0
hyperlearn,soc-slashdot0811,1000,0.9809820422768537,0.9874759790603671,0.9899277715194487,-1,-1,90546,cpu,6,0
hyperlearn,soc-slashdot0811,1000,0.9811145715989663,0.9874980672807192,0.9899277715194487,-1,-1,90546,cpu,7,0
hyperlearn,soc-slashdot0811,1000,0.9811366598193184,0.9875864201621275,0.9900382126212091,-1,-1,90546,cpu,8,0
hyperlearn,soc-slashdot0811,1000,0.9811808362600225,0.987696861263888,0.9901486537229696,-1,-1,90546,cpu,9,0
hyperlearn,soc-slashdot0811,1000,0.9814679831245996,0.987696861263888,0.9902370066043779,-1,-1,90546,cpu,10,0
hyperlearn,soc-slashdot0811,1000,0.9815784242263601,0.9878073023656484,0.99025909482473,-1,-1,90546,cpu,11,0
hyperlearn,soc-slashdot0811,1000,0.9817109535484726,0.9878293905860005,0.9903032712654342,-1,-1,90546,cpu,12,0
hyperlearn,soc-slashdot0811,1000,0.9817330417688247,0.9878514788063526,0.9903695359264904,-1,-1,90546,cpu,13,0
hyperlearn,soc-slashdot0811,1000,0.9817551299891768,0.9879398316877609,0.990502065248603,-1,-1,90546,cpu,14,0
hyperlearn,soc-slashdot0811,1000,0.9817772182095289,0.9880944492302255,0.9905241534689551,-1,-1,90546,cpu,15,0
hyperlearn,soc-slashdot0811,1000,0.9818434828705851,0.9881165374505776,0.990546241689307,-1,-1,90546,cpu,16,0
hyperlearn,soc-slashdot0811,1000,0.9819539239723456,0.9881386256709297,0.9905683299096592,-1,-1,90546,cpu,17,0
hyperlearn,soc-slashdot0811,1000,0.9820201886334018,0.9881607138912818,0.9906345945707155,-1,-1,90546,cpu,18,0
hyperlearn,soc-slashdot0811,1000,0.9820864532944581,0.988226978552338,0.9906787710114197,-1,-1,90546,cpu,19,0
hyperlearn,soc-slashdot0811,1000,0.9821748061758664,0.988226978552338,0.9907008592317716,-1,-1,90546,cpu,20,0
hyperlearn,soc-slashdot0811,1000,0.9822410708369227,0.988226978552338,0.9907450356724758,-1,-1,90546,cpu,21,0
hyperlearn,soc-slashdot0811,1000,0.9821968943962185,0.988226978552338,0.990767123892828,-1,-1,90546,cpu,22,0
hyperlearn,soc-slashdot0811,1000,0.9823073354979789,0.9882711549930422,0.9907008592317716,-1,-1,90546,cpu,23,0
hyperlearn,soc-slashdot0811,1000,0.9823515119386831,0.9882711549930422,0.9907229474521237,-1,-1,90546,cpu,24,0
hyperlearn,soc-slashdot0811,1000,0.982329423718331,0.9882932432133943,0.9907450356724758,-1,-1,90546,cpu,25,0
hyperlearn,soc-slashdot0811,1000,0.9824177765997394,0.9882932432133943,0.990767123892828,-1,-1,90546,cpu,26,0
hyperlearn,soc-slashdot0811,1000,0.9824177765997394,0.9883153314337464,0.990767123892828,-1,-1,90546,cpu,27,0
hyperlearn,soc-slashdot0811,1000,0.9823736001590352,0.9883153314337464,0.9908113003335322,-1,-1,90546,cpu,28,0
hyperlearn,soc-slashdot0811,1000,0.9824177765997394,0.9883374196540985,0.9908333885538843,-1,-1,90546,cpu,29,0
hyperlearn,soc-slashdot0811,1000,0.9824398648200915,0.9883153314337464,0.9908554767742364,3.224829399958253,0.050030200043693185,90546,cpu,30,0
hyperlearn,soc-slashdot0922,1000,0.972924530291209,0.9835522847563418,0.9868629146194884,-1,-1,94846,cpu,0,0
hyperlearn,soc-slashdot0922,1000,0.9740632182696161,0.9838475001581511,0.9873479113510322,-1,-1,94846,cpu,1,0
hyperlearn,soc-slashdot0922,1000,0.9751597326191932,0.9843746705185248,0.9876220399384265,-1,-1,94846,cpu,2,0
hyperlearn,soc-slashdot0922,1000,0.9759610315669612,0.9847120595491639,0.9878750817114058,-1,-1,94846,cpu,3,0
hyperlearn,soc-slashdot0922,1000,0.9772895008751028,0.9850283617653881,0.9881913839276301,-1,-1,94846,cpu,4,0
hyperlearn,soc-slashdot0922,1000,0.9777323239778166,0.9853446639816122,0.9884865993294393,-1,-1,94846,cpu,5,0
hyperlearn,soc-slashdot0922,1000,0.9782384075237753,0.9856187925690066,0.9886552938447589,-1,-1,94846,cpu,6,0
hyperlearn,soc-slashdot0922,1000,0.9784492756679248,0.9857242266410813,0.9887818147312486,-1,-1,94846,cpu,7,0
hyperlearn,soc-slashdot0922,1000,0.978364928410265,0.985871834341986,0.9888029015456635,-1,-1,94846,cpu,8,0
hyperlearn,soc-slashdot0922,1000,0.9788499251418088,0.985850747527571,0.9888661619889083,-1,-1,94846,cpu,9,0
hyperlearn,soc-slashdot0922,1000,0.9788710119562237,0.9859561815996457,0.989034856504228,-1,-1,94846,cpu,10,0
hyperlearn,soc-slashdot0922,1000,0.9786812306264893,0.9860827024861354,0.9890770301330578,-1,-1,94846,cpu,11,0
hyperlearn,soc-slashdot0922,1000,0.9789975328427134,0.9861459629293803,0.9890770301330578,-1,-1,94846,cpu,12,0
hyperlearn,soc-slashdot0922,1000,0.9790818801003732,0.9861670497437952,0.9892035510195475,-1,-1,94846,cpu,13,0
hyperlearn,soc-slashdot0922,1000,0.9791240537292031,0.98623031018704,0.9892878982772073,-1,-1,94846,cpu,14,0
hyperlearn,soc-slashdot0922,1000,0.979187314172448,0.9863990047023596,0.9893089850916222,-1,-1,94846,cpu,15,0
hyperlearn,soc-slashdot0922,1000,0.9792294878012778,0.9863990047023596,0.9893511587204521,-1,-1,94846,cpu,16,0
hyperlearn,soc-slashdot0922,1000,0.9792927482445227,0.9864622651456044,0.9893511587204521,-1,-1,94846,cpu,17,0
hyperlearn,soc-slashdot0922,1000,0.9793981823165975,0.9864833519600194,0.989393332349282,-1,-1,94846,cpu,18,0
hyperlearn,soc-slashdot0922,1000,0.9794192691310124,0.9864200915167746,0.989393332349282,-1,-1,94846,cpu,19,0
hyperlearn,soc-slashdot0922,1000,0.9794825295742572,0.9865044387744344,0.9894776796069418,-1,-1,94846,cpu,20,0
hyperlearn,soc-slashdot0922,1000,0.9794192691310124,0.9864833519600194,0.9894776796069418,-1,-1,94846,cpu,21,0
hyperlearn,soc-slashdot0922,1000,0.9795036163886721,0.9864833519600194,0.9895831136790165,-1,-1,94846,cpu,22,0
hyperlearn,soc-slashdot0922,1000,0.9795879636463319,0.9865255255888493,0.9895620268646016,-1,-1,94846,cpu,23,0
hyperlearn,soc-slashdot0922,1000,0.9796090504607469,0.9865255255888493,0.9896042004934315,-1,-1,94846,cpu,24,0
hyperlearn,soc-slashdot0922,1000,0.9796301372751618,0.9865676992176792,0.9896463741222613,-1,-1,94846,cpu,25,0
hyperlearn,soc-slashdot0922,1000,0.9797355713472365,0.9865466124032642,0.9896252873078464,-1,-1,94846,cpu,26,0
hyperlearn,soc-slashdot0922,1000,0.9797566581616515,0.9865676992176792,0.9896885477510913,-1,-1,94846,cpu,27,0
hyperlearn,soc-slashdot0922,1000,0.9797355713472365,0.9865887860320941,0.9896463741222613,-1,-1,94846,cpu,28,0
hyperlearn,soc-slashdot0922,1000,0.9797355713472365,0.9866731332897539,0.9896674609366763,-1,-1,94846,cpu,29,0
hyperlearn,soc-slashdot0922,1000,0.9797355713472365,0.9866731332897539,0.9897096345655062,3.334775700001046,0.05209210002794862,94846,cpu,30,0
hyperlearn,facebook,1000,0.9947953216374269,0.9971345029239767,0.9983040935672515,-1,-1,34200,cpu,0,0
hyperlearn,facebook,1000,0.9949707602339182,0.9971929824561403,0.9983625730994152,-1,-1,34200,cpu,1,0
hyperlearn,facebook,1000,0.9949707602339182,0.997251461988304,0.9983625730994152,-1,-1,34200,cpu,2,0
hyperlearn,facebook,1000,0.9950292397660818,0.9971929824561403,0.998421052631579,-1,-1,34200,cpu,3,0
hyperlearn,facebook,1000,0.9950292397660818,0.997251461988304,0.9984795321637427,-1,-1,34200,cpu,4,0
hyperlearn,facebook,1000,0.9950877192982456,0.9973099415204678,0.9984795321637427,-1,-1,34200,cpu,5,0
hyperlearn,facebook,1000,0.9950292397660818,0.9973099415204678,0.9985380116959064,-1,-1,34200,cpu,6,0
hyperlearn,facebook,1000,0.9951461988304093,0.9973684210526316,0.9985380116959064,-1,-1,34200,cpu,7,0
hyperlearn,facebook,1000,0.9952046783625731,0.9973684210526316,0.9985380116959064,-1,-1,34200,cpu,8,0
hyperlearn,facebook,1000,0.9952046783625731,0.9973684210526316,0.9985380116959064,-1,-1,34200,cpu,9,0
hyperlearn,facebook,1000,0.9952631578947368,0.9973684210526316,0.9985380116959064,-1,-1,34200,cpu,10,0
hyperlearn,facebook,1000,0.9952631578947368,0.9973684210526316,0.9985380116959064,-1,-1,34200,cpu,11,0
hyperlearn,facebook,1000,0.9952631578947368,0.9973684210526316,0.9985380116959064,-1,-1,34200,cpu,12,0
hyperlearn,facebook,1000,0.9953216374269006,0.9973684210526316,0.9985380116959064,-1,-1,34200,cpu,13,0
hyperlearn,facebook,1000,0.9953216374269006,0.9973684210526316,0.9985380116959064,-1,-1,34200,cpu,14,0
hyperlearn,facebook,1000,0.9953216374269006,0.9973684210526316,0.9985380116959064,-1,-1,34200,cpu,15,0
hyperlearn,facebook,1000,0.9953216374269006,0.9973684210526316,0.9985380116959064,-1,-1,34200,cpu,16,0
hyperlearn,facebook,1000,0.9953216374269006,0.9973684210526316,0.9985380116959064,-1,-1,34200,cpu,17,0
hyperlearn,facebook,1000,0.9953216374269006,0.9973684210526316,0.9985380116959064,-1,-1,34200,cpu,18,0
hyperlearn,facebook,1000,0.9953216374269006,0.9973684210526316,0.9985380116959064,-1,-1,34200,cpu,19,0
hyperlearn,facebook,1000,0.9953216374269006,0.9973684210526316,0.9985380116959064,-1,-1,34200,cpu,20,0
hyperlearn,facebook,1000,0.9952631578947368,0.9973684210526316,0.9985380116959064,-1,-1,34200,cpu,21,0
hyperlearn,facebook,1000,0.9952631578947368,0.9973684210526316,0.9985380116959064,-1,-1,34200,cpu,22,0
hyperlearn,facebook,1000,0.9953216374269006,0.9973684210526316,0.9985380116959064,-1,-1,34200,cpu,23,0
hyperlearn,facebook,1000,0.9952631578947368,0.9973684210526316,0.9985380116959064,-1,-1,34200,cpu,24,0
hyperlearn,facebook,1000,0.9952631578947368,0.9973684210526316,0.9985380116959064,-1,-1,34200,cpu,25,0
hyperlearn,facebook,1000,0.9952631578947368,0.9973684210526316,0.9985380116959064,-1,-1,34200,cpu,26,0
hyperlearn,facebook,1000,0.9952631578947368,0.9973684210526316,0.9985380116959064,-1,-1,34200,cpu,27,0
hyperlearn,facebook,1000,0.9952631578947368,0.9973684210526316,0.9985380116959064,-1,-1,34200,cpu,28,0
hyperlearn,facebook,1000,0.9952631578947368,0.9973684210526316,0.9985380116959064,-1,-1,34200,cpu,29,0
hyperlearn,facebook,1000,0.9952631578947368,0.9973684210526316,0.9985380116959064,2.0466189000289887,0.01897950004786253,34200,cpu,30,0
hyperlearn,facebook,1000,0.9531578947368421,0.9962573099415205,0.9988304093567252,-1,-1,34200,cpu,0,1
hyperlearn,facebook,1000,0.9542105263157895,0.9963742690058479,0.9988888888888889,-1,-1,34200,cpu,1,1
hyperlearn,facebook,1000,0.955672514619883,0.9957894736842106,0.9990058479532163,-1,-1,34200,cpu,2,1
hyperlearn,facebook,1000,0.9564912280701754,0.9957894736842106,0.9990643274853801,-1,-1,34200,cpu,3,1
hyperlearn,facebook,1000,0.9570175438596491,0.9958479532163743,0.9991812865497076,-1,-1,34200,cpu,4,1
hyperlearn,facebook,1000,0.9584795321637427,0.995906432748538,0.9991812865497076,-1,-1,34200,cpu,5,1
hyperlearn,facebook,1000,0.9604093567251462,0.9953801169590644,0.9991812865497076,-1,-1,34200,cpu,6,1
hyperlearn,facebook,1000,0.9618713450292398,0.9954970760233918,0.9991812865497076,-1,-1,34200,cpu,7,1
hyperlearn,facebook,1000,0.9618713450292398,0.9950877192982456,0.9991228070175439,-1,-1,34200,cpu,8,1
hyperlearn,facebook,1000,0.962046783625731,0.9950877192982456,0.9991228070175439,-1,-1,34200,cpu,9,1
hyperlearn,facebook,1000,0.9614035087719298,0.9933333333333333,0.9991228070175439,-1,-1,34200,cpu,10,1
hyperlearn,facebook,1000,0.9608187134502923,0.9921052631578947,0.9991228070175439,-1,-1,34200,cpu,11,1
hyperlearn,facebook,1000,0.9608771929824561,0.9921637426900585,0.9991228070175439,-1,-1,34200,cpu,12,1
hyperlearn,facebook,1000,0.9609356725146199,0.9921637426900585,0.9991228070175439,-1,-1,34200,cpu,13,1
hyperlearn,facebook,1000,0.9609356725146199,0.9916374269005848,0.9991228070175439,-1,-1,34200,cpu,14,1
hyperlearn,facebook,1000,0.9609356725146199,0.9916959064327485,0.9991812865497076,-1,-1,34200,cpu,15,1
hyperlearn,facebook,1000,0.9599415204678362,0.9904093567251462,0.9990643274853801,-1,-1,34200,cpu,16,1
hyperlearn,facebook,1000,0.9599415204678362,0.9904093567251462,0.9990643274853801,-1,-1,34200,cpu,17,1
hyperlearn,facebook,1000,0.9594736842105264,0.99,0.9990058479532163,-1,-1,34200,cpu,18,1
hyperlearn,facebook,1000,0.9591812865497076,0.9849707602339182,0.9990058479532163,-1,-1,34200,cpu,19,1
hyperlearn,facebook,1000,0.9591812865497076,0.9849707602339182,0.9990058479532163,-1,-1,34200,cpu,20,1
hyperlearn,facebook,1000,0.9592397660818713,0.9849707602339182,0.9990058479532163,-1,-1,34200,cpu,21,1
hyperlearn,facebook,1000,0.9592397660818713,0.9849707602339182,0.9990058479532163,-1,-1,34200,cpu,22,1
hyperlearn,facebook,1000,0.9594152046783626,0.9849122807017544,0.9989473684210526,-1,-1,34200,cpu,23,1
hyperlearn,facebook,1000,0.9594152046783626,0.9849122807017544,0.9989473684210526,-1,-1,34200,cpu,24,1
hyperlearn,facebook,1000,0.9594152046783626,0.9849122807017544,0.9989473684210526,-1,-1,34200,cpu,25,1
hyperlearn,facebook,1000,0.9594152046783626,0.9849122807017544,0.9989473684210526,-1,-1,34200,cpu,26,1
hyperlearn,facebook,1000,0.9591228070175438,0.982046783625731,0.9989473684210526,-1,-1,34200,cpu,27,1
hyperlearn,facebook,1000,0.9590058479532164,0.9813450292397661,0.9989473684210526,-1,-1,34200,cpu,28,1
hyperlearn,facebook,1000,0.9589473684210527,0.9817543859649123,0.9989473684210526,-1,-1,34200,cpu,29,1
hyperlearn,facebook,1000,0.9590058479532164,0.9813450292397661,0.9989473684210526,1.99880770011805,0.04799740016460419,34200,cpu,30,1
hyperlearn,wikipedia,1000,0.8827557948958089,0.9477288691173027,0.9582650433153829,-1,-1,34168,cpu,0,0
hyperlearn,wikipedia,1000,0.8939358464059939,0.9492507609459143,0.9595527979395926,-1,-1,34168,cpu,1,0
hyperlearn,wikipedia,1000,0.8995551393116367,0.9510653242800281,0.9610161554671037,-1,-1,34168,cpu,2,0
hyperlearn,wikipedia,1000,0.9066963240458908,0.9531725591196442,0.9621868414891126,-1,-1,34168,cpu,3,0
hyperlearn,wikipedia,1000,0.9203348162022945,0.9555724654647624,0.9630063217045188,-1,-1,34168,cpu,4,0
hyperlearn,wikipedia,1000,0.9302856473893701,0.9560407398735659,0.9638843362210255,-1,-1,34168,cpu,5,0
hyperlearn,wikipedia,1000,0.9337391711542964,0.9566846171856708,0.9659330367595411,-1,-1,34168,cpu,6,0
hyperlearn,wikipedia,1000,0.9380707094357293,0.9576797003043783,0.9686256146101615,-1,-1,34168,cpu,7,0
hyperlearn,wikipedia,1000,0.9385975181456333,0.959084523530789,0.9705572465464762,-1,-1,34168,cpu,8,0
hyperlearn,wikipedia,1000,0.941055958791852,0.9609576211660033,0.9722547412783892,-1,-1,34168,cpu,9,0
hyperlearn,wikipedia,1000,0.9445094825567782,0.9617771013814095,0.9761765394521189,-1,-1,34168,cpu,10,0
hyperlearn,wikipedia,1000,0.9460313743853899,0.9643526106298291,0.9767618824631233,-1,-1,34168,cpu,11,0
hyperlearn,wikipedia,1000,0.9479630063217045,0.9664013111683446,0.9781667056895341,-1,-1,34168,cpu,12,0
hyperlearn,wikipedia,1000,0.9493092952470148,0.9695036291266682,0.9805666120346523,-1,-1,34168,cpu,13,0
hyperlearn,wikipedia,1000,0.9514750643877312,0.9708499180519785,0.9820299695621634,-1,-1,34168,cpu,14,0
hyperlearn,wikipedia,1000,0.952762819011941,0.9727815499882931,0.9828494497775696,-1,-1,34168,cpu,15,0
hyperlearn,wikipedia,1000,0.9556309997658627,0.9751229220323109,0.9833762584874737,-1,-1,34168,cpu,16,0
hyperlearn,wikipedia,1000,0.9566260828845704,0.9772301568719269,0.985132287520487,-1,-1,34168,cpu,17,0
hyperlearn,wikipedia,1000,0.956977288691173,0.9794544603137438,0.9867712479512994,-1,-1,34168,cpu,18,0
hyperlearn,wikipedia,1000,0.9582650433153829,0.9802154062280496,0.9869468508546008,-1,-1,34168,cpu,19,0
hyperlearn,wikipedia,1000,0.9596113322406931,0.9817958323577617,0.9875907281667057,-1,-1,34168,cpu,20,0
hyperlearn,wikipedia,1000,0.9606649496605011,0.9829079840786701,0.9883516740810114,-1,-1,34168,cpu,21,0
hyperlearn,wikipedia,1000,0.9624209786935144,0.9843713416061812,0.9886443455865137,-1,-1,34168,cpu,22,0
hyperlearn,wikipedia,1000,0.9625965815968157,0.9854834933270896,0.9896394287052213,-1,-1,34168,cpu,23,0
hyperlearn,wikipedia,1000,0.9658745024584406,0.9865371107468976,0.9902247717162257,-1,-1,34168,cpu,24,0
hyperlearn,wikipedia,1000,0.9672793256848513,0.9858346991336924,0.9891126199953173,-1,-1,34168,cpu,25,0
hyperlearn,wikipedia,1000,0.9697963006321705,0.9882346054788106,0.9907515804261298,-1,-1,34168,cpu,26,0
hyperlearn,wikipedia,1000,0.9717864668695856,0.9885272769843128,0.9906930461250293,-1,-1,34168,cpu,27,0
hyperlearn,wikipedia,1000,0.9733668929992976,0.989873565909623,0.991571060641536,-1,-1,34168,cpu,28,0
hyperlearn,wikipedia,1000,0.9748887848279092,0.989346757199719,0.9908101147272301,-1,-1,34168,cpu,29,0
hyperlearn,wikipedia,1000,0.9771716225708265,0.990517443221728,0.9919222664481386,1.9929630002006888,0.018312100088223815,34168,cpu,30,0
hyperlearn,wikipedia,1000,0.9717864668695856,0.9802739405291501,0.9842542730039804,-1,-1,34168,cpu,0,1
hyperlearn,wikipedia,1000,0.9743034418169048,0.9812690236478576,0.9853078904237883,-1,-1,34168,cpu,1,1
hyperlearn,wikipedia,1000,0.9754155935378132,0.9819129009599625,0.9863615078435963,-1,-1,34168,cpu,2,1
hyperlearn,wikipedia,1000,0.9770545539686256,0.9823226410676656,0.9883516740810114,-1,-1,34168,cpu,3,1
hyperlearn,wikipedia,1000,0.9786935143994381,0.9834347927885742,0.989346757199719,-1,-1,34168,cpu,4,1
hyperlearn,wikipedia,1000,0.9795129946148443,0.9844884102083821,0.9913954577382346,-1,-1,34168,cpu,5,1
hyperlearn,wikipedia,1000,0.9800398033247483,0.9854834933270896,0.9916295949426364,-1,-1,34168,cpu,6,1
hyperlearn,wikipedia,1000,0.9804495434324514,0.9872980566612035,0.9933270896745493,-1,-1,34168,cpu,7,1
hyperlearn,wikipedia,1000,0.9817958323577617,0.9883516740810114,0.9932685553734488,-1,-1,34168,cpu,8,1
hyperlearn,wikipedia,1000,0.983551861390775,0.9901077031140249,0.9941465698899555,-1,-1,34168,cpu,9,1
hyperlearn,wikipedia,1000,0.9864785764457973,0.99209786935144,0.9944392413954577,-1,-1,34168,cpu,10,1
hyperlearn,wikipedia,1000,0.987766331070007,0.9933270896745493,0.9947904472020604,-1,-1,34168,cpu,11,1
hyperlearn,wikipedia,1000,0.988819948489815,0.9938538983844533,0.9949075158042613,-1,-1,34168,cpu,12,1
hyperlearn,wikipedia,1000,0.9901077031140249,0.9939709669866542,0.9951416530086631,-1,-1,34168,cpu,13,1
hyperlearn,wikipedia,1000,0.9911027862327324,0.9945563099976586,0.9955513931163662,-1,-1,34168,cpu,14,1
hyperlearn,wikipedia,1000,0.9920393350503395,0.9947904472020604,0.9956099274174667,-1,-1,34168,cpu,15,1
hyperlearn,wikipedia,1000,0.9935026925778506,0.9953172559119644,0.9958440646218684,-1,-1,34168,cpu,16,1
hyperlearn,wikipedia,1000,0.994205104191056,0.9955513931163662,0.9959611332240693,-1,-1,34168,cpu,17,1
hyperlearn,wikipedia,1000,0.9942636384921564,0.9957269960196675,0.9960196675251698,-1,-1,34168,cpu,18,1
hyperlearn,wikipedia,1000,0.9942636384921564,0.995668461718567,0.9960782018262702,-1,-1,34168,cpu,19,1
hyperlearn,wikipedia,1000,0.9950831187075626,0.9958440646218684,0.9961367361273706,-1,-1,34168,cpu,20,1
hyperlearn,wikipedia,1000,0.9953757902130649,0.9958440646218684,0.9961367361273706,-1,-1,34168,cpu,21,1
hyperlearn,wikipedia,1000,0.9956099274174667,0.9959025989229688,0.9961367361273706,-1,-1,34168,cpu,22,1
hyperlearn,wikipedia,1000,0.9957269960196675,0.9958440646218684,0.9961952704284711,-1,-1,34168,cpu,23,1
hyperlearn,wikipedia,1000,0.995668461718567,0.9958440646218684,0.996312339030672,-1,-1,34168,cpu,24,1
hyperlearn,wikipedia,1000,0.9957269960196675,0.9958440646218684,0.996312339030672,-1,-1,34168,cpu,25,1
hyperlearn,wikipedia,1000,0.9957269960196675,0.9958440646218684,0.9962538047295715,-1,-1,34168,cpu,26,1
hyperlearn,wikipedia,1000,0.9956099274174667,0.9958440646218684,0.9962538047295715,-1,-1,34168,cpu,27,1
hyperlearn,wikipedia,1000,0.995668461718567,0.9958440646218684,0.9962538047295715,-1,-1,34168,cpu,28,1
hyperlearn,wikipedia,1000,0.995668461718567,0.9958440646218684,0.9962538047295715,-1,-1,34168,cpu,29,1
hyperlearn,wikipedia,1000,0.995668461718567,0.9958440646218684,0.9962538047295715,1.9259033999405801,0.046995499869808555,34168,cpu,30,1
